iso2,wave_num,gdp_pc,hicp,displaced_share
BE,1,43890.0,10.4,0.4392895173134814
BE,2,44190.0,7.4,0.5203190109067721
BE,3,44190.0,1.6,0.5631112045206269
BE,4,44190.0,-0.8,0.6138657266974578
BE,5,44410.0,4.9,0.651048277851005
BE,6,44410.0,4.5,0.7102421779428719
BE,7,44650.0,3.1,0.738966103827199
BE,8,44650.0,2.5,0.7720792578277687
BE,9,,,
BG,1,10740.0,14.9,1.9325153752789825
BG,2,10950.0,14.3,2.3139998542118057
BG,3,10950.0,7.5,2.4821215594373816
BG,4,10950.0,5.5,2.6231793923734164
BG,5,11330.0,2.5,0.7857443067476267
BG,6,11330.0,2.0,1.0183103479786846
BG,7,11710.0,2.8,1.14938421961798
BG,8,11710.0,3.8,1.162821405048032
BG,9,,,
CZ,1,21910.0,17.3,3.67981156078609
CZ,2,21680.0,19.1,4.06140680851559
CZ,3,21680.0,11.2,3.2162924707936593
CZ,4,21680.0,8.0,3.4029001446221017
CZ,5,21950.0,3.1,3.161306924280461
CZ,6,21950.0,3.0,3.4728506942995105
CZ,7,22510.0,1.7,3.389889545808699
CZ,8,22510.0,2.3,3.5953985058893623
CZ,9,,,
DK,1,56530.0,9.6,0.4453963789410599
DK,2,56770.0,8.4,0.5489954411634321
DK,3,56770.0,2.4,0.5947591078124563
DK,4,56770.0,0.3,0.6021756873062208
DK,5,58670.0,0.5,0.5390648838859105
DK,6,58670.0,1.6,0.6304886777921875
DK,7,60390.0,1.5,0.5958048530103288
DK,8,60390.0,2.1,0.7494909668942422
DK,9,,,
DE,1,44230.0,8.5,0.0
DE,2,43450.0,9.2,1.169318489032905
DE,3,43450.0,6.8,1.3186474573212046
DE,4,43450.0,2.3,1.4397877555563712
DE,5,43110.0,2.4,1.5309316419200072
DE,6,43110.0,2.4,1.3243019124618234
DE,7,43210.0,2.2,1.3807483721027065
DE,8,43210.0,2.3,1.4293023187919567
DE,9,,,
EE,1,22370.0,23.2,2.222562614694743
EE,2,21210.0,18.6,2.850168828392455
EE,3,21210.0,9.0,2.569032216498619
EE,4,21210.0,4.1,2.6184507615580825
EE,5,21060.0,3.1,2.3765409871483474
EE,6,21060.0,4.5,2.519846335929561
EE,7,21250.0,4.4,2.4730017262836728
EE,8,21250.0,4.5,2.545264763740014
EE,9,,,
IE,1,92300.0,9.6,0.8718002544294767
IE,2,87630.0,7.5,1.3426237267364711
IE,3,87630.0,4.8,1.6018530199311567
IE,4,87630.0,2.5,1.858047063443358
IE,5,89300.0,1.6,1.9301412023623978
IE,6,89300.0,0.1,2.000306072054743
IE,7,94930.0,2.0,2.031146202455095
IE,8,94930.0,2.8,2.140883241628461
IE,9,,,
EL,1,18160.0,11.3,0.17081473082532955
EL,2,18600.0,7.3,0.20919319491460572
EL,3,18600.0,2.8,0.23399643217929703
EL,4,18600.0,2.9,0.2540409088059952
EL,5,19020.0,3.2,0.27332927001809215
EL,6,19020.0,3.1,0.30682077965535837
EL,7,19400.0,2.6,0.32721658141585286
EL,8,19400.0,1.6,0.36057454758258384
EL,9,,,
ES,1,26820.0,10.7,0.27736103661386796
ES,2,27150.0,5.9,0.3380654665356469
ES,3,27150.0,1.6,0.3678146452929822
ES,4,27150.0,3.3,0.39281185806216573
ES,5,27800.0,3.4,0.41610709404902685
ES,6,27800.0,1.8,0.44751411953530357
ES,7,28320.0,2.2,0.4707266771327327
ES,8,28320.0,3.2,0.4991522502805257
ES,9,,,
FR,1,37280.0,6.8,0.0968913936548187
FR,2,37730.0,7.0,0.09815134508278824
FR,3,37730.0,5.3,0.09477540163108598
FR,4,37730.0,3.9,0.09180222800550872
FR,5,38180.0,2.4,0.08807428844879932
FR,6,38180.0,1.6,0.08384386834390907
FR,7,38360.0,0.9,0.07768289814844387
FR,8,38360.0,0.8,0.07549802127097409
FR,9,,,
HR,1,15900.0,12.7,0.4120596379623049
HR,2,16490.0,12.5,0.4993645631378064
HR,3,16490.0,8.3,0.557403034204525
HR,4,16490.0,5.5,0.5901227091683126
HR,5,17060.0,4.7,0.6143242549716246
HR,6,17060.0,3.6,0.658602209702983
HR,7,17590.0,4.0,0.682437053957438
HR,8,17590.0,4.0,0.7196045788325783
HR,9,,,
IT,1,32310.0,8.4,0.16770248510197325
IT,2,32630.0,10.7,0.24700324342505672
IT,3,32630.0,6.7,0.26991110985078764
IT,4,32630.0,0.6,0.2722841037831608
IT,5,32900.0,0.9,0.27788974386323634
IT,6,32900.0,1.0,0.27955157116444745
IT,7,33080.0,2.0,0.2808793185280051
IT,8,33080.0,1.3,0.09531167017941124
IT,9,,,
CY,1,28850.0,10.6,1.0223024337358728
CY,2,29320.0,6.8,1.4087267301945876
CY,3,29320.0,2.8,1.772235123550708
CY,4,29320.0,2.4,1.9808573319116116
CY,5,29950.0,2.1,2.0618503360531477
CY,6,29950.0,1.6,2.2341454833318672
CY,7,30590.0,1.4,2.347487095179284
CY,8,30590.0,0.2,2.503647125129455
CY,9,,,
LV,1,16890.0,21.3,1.5247177539521377
LV,2,16770.0,21.4,1.8936925633125954
LV,3,16770.0,8.1,2.313164724871111
LV,4,16770.0,1.1,2.2788682588317357
LV,5,16910.0,1.1,2.3720106995994303
LV,6,16910.0,2.1,2.494710086102498
LV,7,17520.0,4.0,1.6562173318319973
LV,8,17520.0,4.3,1.666966754722356
LV,9,,,
LT,1,19350.0,20.9,1.8750904312832726
LT,2,19220.0,18.5,2.3146147086091347
LT,3,19220.0,8.2,2.4609077377462962
LT,4,19220.0,2.3,2.593726408936614
LT,5,19690.0,0.4,2.6612231716305295
LT,6,19690.0,0.1,1.6428201896745234
LT,7,20260.0,3.6,1.5600221955924314
LT,8,20260.0,3.7,1.7445818676954499
LT,9,,,
LU,1,104100.0,9.3,0.6282954522565181
LU,2,102250.0,5.8,0.6840100543424802
LU,3,102250.0,1.0,0.5962388526790646
LU,4,102250.0,2.1,0.6113718184831017
LU,5,101000.0,3.0,0.6145376088088684
LU,6,101000.0,0.9,0.5654341194851573
LU,7,100380.0,1.7,0.5249474685947978
LU,8,100380.0,3.0,0.5601394776626054
LU,9,,,
HU,1,16160.0,14.7,0.24530709065998585
HU,2,16050.0,26.2,0.30547689605056133
HU,3,16050.0,19.9,0.3289150210672285
HU,4,16050.0,7.7,0.34803011413637697
HU,5,16210.0,3.6,0.3670461041415592
HU,6,16210.0,3.4,0.39704205494903455
HU,7,16370.0,4.2,0.41852289563962564
HU,8,16370.0,4.2,0.43927869609964965
HU,9,,,
MT,1,31390.0,6.8,0.23645933860592802
MT,2,33380.0,6.8,0.28779579781238296
MT,3,33380.0,6.2,0.3237702725389308
MT,4,33380.0,3.9,0.357899902407707
MT,5,34480.0,2.4,0.3567352864442366
MT,6,34480.0,2.4,0.38513212516616585
MT,7,35000.0,2.6,0.39878101872006966
MT,8,35000.0,2.5,0.4222899434044406
MT,9,,,
NL,1,51480.0,11.6,0.44046071690723354
NL,2,50660.0,8.4,0.44833920236326497
NL,3,50660.0,6.4,0.5189124134797416
NL,4,50660.0,1.4,0.6155645876539775
NL,5,50870.0,2.6,0.6159525009889683
NL,6,50870.0,3.3,0.656414093073477
NL,7,51400.0,4.1,0.6701386558554806
NL,8,51400.0,3.0,0.7199889470349385
NL,9,,,
AT,1,46430.0,9.4,0.8217572496675272
AT,2,45670.0,11.6,0.9621328244133955
AT,3,45670.0,7.8,0.8213275412058644
AT,4,45670.0,4.9,0.8960685671206264
AT,5,45140.0,3.4,0.7870069605568445
AT,6,45140.0,1.8,0.901214685410127
AT,7,45380.0,3.3,0.8870078359607416
AT,8,45380.0,4.0,0.9717074074504961
AT,9,,,
PL,1,15840.0,14.2,3.410797375456024
PL,2,15950.0,15.9,2.637623016065632
PL,3,15950.0,11.0,2.651091034663796
PL,4,15950.0,6.3,2.5895598749471347
PL,5,16510.0,3.0,2.59240812026552
PL,6,16510.0,4.2,2.673864182188511
PL,7,17170.0,3.7,2.693678018176316
PL,8,17170.0,2.9,2.634262981610108
PL,9,,,
PT,1,21690.0,9.4,0.375343641185489
PT,2,22130.0,8.6,0.4290826873004171
PT,3,22130.0,4.7,0.45451861391600973
PT,4,22130.0,2.2,0.47848068310153996
PT,5,22370.0,2.3,0.46340479068727897
PT,6,22370.0,2.6,0.49423265223183377
PT,7,22560.0,2.1,0.5161570602164631
PT,8,22560.0,2.0,0.5422044562443283
PT,9,,,
RO,1,12690.0,13.0,0.2666320364470109
RO,2,12970.0,13.4,0.5707619977047769
RO,3,12970.0,9.3,0.6942976489181867
RO,4,12970.0,6.9,0.7500041458438598
RO,5,13090.0,6.2,0.8043235280667034
RO,6,13090.0,5.0,0.9107345369962075
RO,7,13190.0,4.9,0.9573520684680807
RO,8,13190.0,8.4,1.025355520207764
RO,9,,,
SI,1,24660.0,11.7,0.2928083979536632
SI,2,25120.0,9.9,0.3689231600606905
SI,3,25120.0,6.6,0.40269781555920436
SI,4,25120.0,4.5,0.40671298439469206
SI,5,25480.0,3.0,0.42326816698517716
SI,6,25480.0,0.0,0.46634829744028694
SI,7,25680.0,2.3,0.482436586338785
SI,8,25680.0,3.1,0.5082478823004905
SI,9,,,
SK,1,18360.0,12.8,1.5271278404449031
SK,2,18750.0,15.1,1.768901810936945
SK,3,18750.0,11.3,1.903922640616918
SK,4,18750.0,6.9,2.0720079163099268
SK,5,19110.0,2.4,2.1934906106103447
SK,6,19110.0,3.5,2.352578130314247
SK,7,19270.0,3.9,2.4329955192878394
SK,8,19270.0,3.9,2.5243331843022476
SK,9,,,
FI,1,44010.0,8.0,0.5828874412629156
FI,2,43280.0,7.9,0.7943968065967286
FI,3,43280.0,4.1,0.9321581532610708
FI,4,43280.0,0.7,1.0397252321633654
FI,5,43330.0,0.6,1.085146625061944
FI,6,43330.0,1.5,1.2003352694423888
FI,7,43450.0,1.9,1.2483208306075386
FI,8,43450.0,1.4,1.357441335308503
FI,9,,,
SE,1,48390.0,8.3,0.36967848113424706
SE,2,47960.0,9.6,0.442567620226514
SE,3,47960.0,6.3,0.3673411043005426
SE,4,47960.0,3.3,0.4044553866367294
SE,5,48770.0,2.4,0.37036661461505704
SE,6,48770.0,1.6,0.42576049543453015
SE,7,49310.0,2.1,0.3404418897004168
SE,8,49310.0,3.1,0.45245855808290936
SE,9,,,
