iso2,wave_num,eb_n,exposure,support_aid,support_sanctions,gdp_pc,hicp,displaced_share,psm,psm_z
BE,1,eb97,0,72.54707631318136,81.16947472745292,43890.0,10.4,0.4392895173134814,51.1,0.4623712552902746
BG,1,eb97,0,34.971098265895954,45.95375722543353,10740.0,14.9,1.9325153752789823,12.5,-1.0076815887107138
CZ,1,eb97,0,56.25615763546798,71.6256157635468,21910.0,17.3,3.67981156078609,29.7,-0.3526321349071646
DK,1,eb97,0,90.93539054966249,92.18900675024108,56530.0,9.6,0.4453963789410599,79.3,1.5363476853635354
DE,1,eb97,3,70.67020570670206,81.55275381552754,44230.0,8.5,0.0,103.0,2.4389448978719144
EE,1,eb97,1,74.75633528265107,73.87914230019493,22370.0,23.2,2.222562614694743,30.9,-0.3069310102231961
IE,1,eb97,0,86.3323500491642,90.26548672566372,92300.0,9.6,0.8718002544294767,46.0,0.2681414753834082
EL,1,eb97,0,40.89108910891089,59.7029702970297,18160.0,11.3,0.1708147308253295,17.8,-0.8058349546898527
ES,1,eb97,0,66.50148662041626,78.1962338949455,26820.0,10.7,0.2773610366138679,44.8,0.22244035069943957
FR,1,eb97,3,61.68316831683168,69.3069306930693,37280.0,6.8,0.0968913936548187,51.2,0.46617968234727203
HR,1,eb97,0,74.0,77.6,15900.0,12.7,0.4120596379623049,39.7,0.02821057079257344
IT,1,eb97,3,56.89149560117302,76.34408602150538,32310.0,8.4,0.1677024851019732,30.7,-0.31454786433719084
CY,1,eb97,0,44.135188866799204,48.31013916500994,28850.0,10.6,1.0223024337358728,37.2,-0.06700010563236104
LV,1,eb97,3,71.88715953307393,69.06614785992218,16890.0,21.3,1.5247177539521377,18.7,-0.7715591111768764
LT,1,eb97,1,82.61738261738262,79.52047952047953,19350.0,20.9,1.8750904312832728,18.6,-0.7753675382338736
LU,1,eb97,0,62.25296442687747,70.15810276679842,104100.0,9.3,0.6282954522565181,10.9,-1.068616421622672
HU,1,eb97,0,57.50487329434698,65.2046783625731,16160.0,14.7,0.2453070906599858,29.2,-0.3716742701921515
MT,1,eb97,0,73.35984095427435,81.11332007952286,31390.0,6.8,0.236459338605928,8.1,-1.1752523792185985
NL,1,eb97,0,84.40276406712735,87.75913129318855,51480.0,11.6,0.4404607169072335,39.9,0.03582742490656804
AT,1,eb97,0,50.29821073558648,63.81709741550696,46430.0,9.4,0.8217572496675272,72.2,1.2659493643167217
PL,1,eb97,3,91.24015748031496,92.61811023622047,15840.0,14.2,3.410797375456024,14.2,-0.9429383287417584
PT,1,eb97,0,86.81863230921705,94.15262636273538,21690.0,9.4,0.375343641185489,17.5,-0.8172602358608448
RO,1,eb97,0,60.65259117082534,68.71401151631478,12690.0,13.0,0.2666320364470109,7.6,-1.1942945145035853
SI,1,eb97,0,53.84615384615385,62.33766233766234,24660.0,11.7,0.2928083979536632,48.5,0.3633521518083427
SK,1,eb97,0,49.56437560503388,58.66408518877057,18360.0,12.8,1.5271278404449031,22.7,-0.6192220288969812
FI,1,eb97,0,88.89952153110048,88.13397129186603,44010.0,8.0,0.5828874412629156,89.3,1.9171903910632733
SE,1,eb97,0,91.4975845410628,93.42995169082126,48390.0,8.3,0.369678481134247,80.6,1.5858572371045012
BE,2,eb98,0,68.30917874396135,76.61835748792271,44190.0,7.4,0.5203190109067721,51.1,0.4623712552902746
BG,2,eb98,0,33.20425943852856,47.531461761858665,10950.0,14.3,2.3139998542118057,12.5,-1.0076815887107138
CZ,2,eb98,0,50.048780487804876,69.5609756097561,21680.0,19.1,4.06140680851559,29.7,-0.3526321349071646
DK,2,eb98,0,89.45812807881774,90.24630541871922,56770.0,8.4,0.5489954411634321,79.3,1.5363476853635354
DE,2,eb98,3,63.18537859007833,74.08616187989556,43450.0,9.2,1.169318489032905,103.0,2.4389448978719144
EE,2,eb98,1,72.09775967413442,71.28309572301426,21210.0,18.6,2.850168828392455,30.9,-0.3069310102231961
IE,2,eb98,0,81.64682539682539,85.81349206349206,87630.0,7.5,1.3426237267364711,46.0,0.2681414753834082
EL,2,eb98,0,36.78500986193294,55.62130177514793,18600.0,7.3,0.2091931949146057,17.8,-0.8058349546898527
ES,2,eb98,0,64.98516320474778,73.39268051434223,27150.0,5.9,0.3380654665356469,44.8,0.22244035069943957
FR,2,eb98,3,60.29556650246305,65.41871921182266,37730.0,7.0,0.0981513450827882,51.2,0.46617968234727203
HR,2,eb98,0,73.0,81.9,16490.0,12.5,0.4993645631378064,39.7,0.02821057079257344
IT,2,eb98,3,56.23781676413255,74.36647173489278,32630.0,10.7,0.2470032434250567,30.7,-0.31454786433719084
CY,2,eb98,0,49.10891089108911,52.475247524752476,29320.0,6.8,1.4087267301945876,37.2,-0.06700010563236104
LV,2,eb98,3,77.09335899903753,74.1097208854668,16770.0,21.4,1.8936925633125952,18.7,-0.7715591111768764
LT,2,eb98,1,88.33499501495514,84.3469591226321,19220.0,18.5,2.3146147086091347,18.6,-0.7753675382338736
LU,2,eb98,0,64.11764705882354,75.09803921568627,102250.0,5.8,0.6840100543424802,10.9,-1.068616421622672
HU,2,eb98,0,50.28846153846154,56.34615384615385,16050.0,26.2,0.3054768960505613,29.2,-0.3716742701921515
MT,2,eb98,0,75.5952380952381,78.37301587301587,33380.0,6.8,0.2877957978123829,8.1,-1.1752523792185985
NL,2,eb98,0,89.62172647914646,88.65179437439379,50660.0,8.4,0.4483392023632649,39.9,0.03582742490656804
AT,2,eb98,0,49.901185770750985,69.36758893280633,45670.0,11.6,0.9621328244133956,72.2,1.2659493643167217
PL,2,eb98,3,88.75739644970415,89.64497041420118,15950.0,15.9,2.637623016065632,14.2,-0.9429383287417584
PT,2,eb98,0,81.74603174603175,89.08730158730158,22130.0,8.6,0.4290826873004171,17.5,-0.8172602358608448
RO,2,eb98,0,55.331412103746395,66.28242074927954,12970.0,13.4,0.5707619977047769,7.6,-1.1942945145035853
SI,2,eb98,0,52.747252747252745,61.03896103896104,25120.0,9.9,0.3689231600606905,48.5,0.3633521518083427
SK,2,eb98,0,37.25099601593625,49.00398406374502,18750.0,15.1,1.768901810936945,22.7,-0.6192220288969812
FI,2,eb98,0,87.90560471976401,84.66076696165192,43280.0,7.9,0.7943968065967286,89.3,1.9171903910632733
SE,2,eb98,0,91.85043144774689,94.34324065196549,47960.0,9.6,0.442567620226514,80.6,1.5858572371045012
BE,3,eb99,0,68.44181459566074,76.62721893491124,44190.0,1.6,0.5631112045206269,51.1,0.4623712552902746
BG,3,eb99,0,30.35019455252918,46.10894941634241,10950.0,7.5,2.4821215594373816,12.5,-1.0076815887107138
CZ,3,eb99,0,53.23671497584541,73.81642512077295,21680.0,11.2,3.2162924707936593,29.7,-0.3526321349071646
DK,3,eb99,0,88.77952755905511,88.77952755905511,56770.0,2.4,0.5947591078124563,79.3,1.5363476853635354
DE,3,eb99,3,61.94462330972312,73.66387636831938,43450.0,6.8,1.3186474573212046,103.0,2.4389448978719144
EE,3,eb99,0,63.672654690618764,62.5748502994012,21210.0,9.0,2.569032216498619,30.9,-0.3069310102231961
IE,3,eb99,0,78.86904761904762,89.08730158730158,87630.0,4.8,1.6018530199311567,46.0,0.2681414753834082
EL,3,eb99,0,43.040473840078974,58.045409674234946,18600.0,2.8,0.233996432179297,17.8,-0.8058349546898527
ES,3,eb99,3,59.90147783251231,71.52709359605912,27150.0,1.6,0.3678146452929822,44.8,0.22244035069943957
FR,3,eb99,3,57.69230769230769,63.80670611439842,37730.0,5.3,0.0947754016310859,51.2,0.46617968234727203
HR,3,eb99,0,72.08374875373879,80.25922233300099,16490.0,8.3,0.557403034204525,39.7,0.02821057079257344
IT,3,eb99,3,59.53533397870281,70.1839303000968,32630.0,6.7,0.2699111098507876,30.7,-0.31454786433719084
CY,3,eb99,0,35.11904761904762,35.317460317460316,29320.0,2.8,1.772235123550708,37.2,-0.06700010563236104
LV,3,eb99,1,74.53658536585365,70.63414634146342,16770.0,8.1,2.313164724871111,18.7,-0.7715591111768764
LT,3,eb99,0,84.32539682539682,84.02777777777777,19220.0,8.2,2.460907737746296,18.6,-0.7753675382338736
LU,3,eb99,0,70.01972386587771,74.55621301775147,102250.0,1.0,0.5962388526790646,10.9,-1.068616421622672
HU,3,eb99,0,44.36826640548482,58.961802154750245,16050.0,19.9,0.3289150210672285,29.2,-0.3716742701921515
MT,3,eb99,0,64.2578125,76.3671875,33380.0,6.2,0.3237702725389308,8.1,-1.1752523792185985
NL,3,eb99,0,85.22954091816368,85.92814371257485,50660.0,6.4,0.5189124134797416,39.9,0.03582742490656804
AT,3,eb99,0,40.059642147117295,54.97017892644135,45670.0,7.8,0.8213275412058644,72.2,1.2659493643167217
PL,3,eb99,3,85.60079443892751,89.07646474677259,15950.0,11.0,2.651091034663796,14.2,-0.9429383287417584
PT,3,eb99,0,90.13944223107569,94.12350597609561,22130.0,4.7,0.4545186139160097,17.5,-0.8172602358608448
RO,3,eb99,0,55.39772727272727,64.77272727272727,12970.0,9.3,0.6942976489181867,7.6,-1.1942945145035853
SI,3,eb99,0,49.603960396039604,58.613861386138616,25120.0,6.6,0.4026978155592043,48.5,0.3633521518083427
SK,3,eb99,0,37.46253746253746,50.54945054945055,18750.0,11.3,1.903922640616918,22.7,-0.6192220288969812
FI,3,eb99,0,89.23230309072781,86.73978065802592,43280.0,4.1,0.9321581532610708,89.3,1.9171903910632733
SE,3,eb99,0,92.48780487804878,94.14634146341463,47960.0,6.3,0.3673411043005426,80.6,1.5858572371045012
BE,4,eb100,0,60.13779527559055,77.65748031496064,44190.0,-0.8,0.6138657266974578,51.1,0.4623712552902746
BG,4,eb100,0,30.4648862512364,44.609297725024724,10950.0,5.5,2.6231793923734164,12.5,-1.0076815887107138
CZ,4,eb100,0,42.0375865479723,66.76557863501483,21680.0,8.0,3.4029001446221017,29.7,-0.3526321349071646
DK,4,eb100,0,83.00395256916995,87.5494071146245,56770.0,0.3,0.6021756873062208,79.3,1.5363476853635354
DE,4,eb100,3,60.379829731499676,71.77472167648985,43450.0,2.3,1.4397877555563712,103.0,2.4389448978719144
EE,4,eb100,0,61.7148554336989,66.50049850448654,21210.0,4.1,2.6184507615580825,30.9,-0.3069310102231961
IE,4,eb100,0,72.53937007874016,85.13779527559055,87630.0,2.5,1.858047063443358,46.0,0.2681414753834082
EL,4,eb100,0,37.15415019762846,55.533596837944664,18600.0,2.9,0.2540409088059952,17.8,-0.8058349546898527
ES,4,eb100,3,53.08151093439364,69.0854870775348,27150.0,3.3,0.3928118580621657,44.8,0.22244035069943957
FR,4,eb100,3,54.829268292682926,66.92682926829268,37730.0,3.9,0.0918022280055087,51.2,0.46617968234727203
HR,4,eb100,0,73.44961240310077,80.23255813953489,16490.0,5.5,0.5901227091683126,39.7,0.02821057079257344
IT,4,eb100,3,50.29296875,69.921875,32630.0,0.6,0.2722841037831608,30.7,-0.31454786433719084
CY,4,eb100,0,31.225296442687746,31.42292490118577,29320.0,2.4,1.9808573319116116,37.2,-0.06700010563236104
LV,4,eb100,1,70.0990099009901,67.02970297029702,16770.0,1.1,2.2788682588317357,18.7,-0.7715591111768764
LT,4,eb100,1,82.92201382033564,79.66436327739387,19220.0,2.3,2.593726408936614,18.6,-0.7753675382338736
LU,4,eb100,0,59.523809523809526,72.42063492063492,102250.0,2.1,0.6113718184831017,10.9,-1.068616421622672
HU,4,eb100,0,43.34637964774951,55.28375733855186,16050.0,7.7,0.3480301141363769,29.2,-0.3716742701921515
MT,4,eb100,0,60.317460317460316,68.84920634920636,33380.0,3.9,0.357899902407707,8.1,-1.1752523792185985
NL,4,eb100,0,84.4708209693373,88.4272997032641,50660.0,1.4,0.6155645876539775,39.9,0.03582742490656804
AT,4,eb100,2,43.38308457711443,62.985074626865675,45670.0,4.9,0.8960685671206264,72.2,1.2659493643167217
PL,4,eb100,3,84.8780487804878,89.26829268292683,15950.0,6.3,2.5895598749471347,14.2,-0.9429383287417584
PT,4,eb100,0,82.44422890397672,93.50145489815714,22130.0,2.2,0.4784806831015399,17.5,-0.8172602358608448
RO,4,eb100,0,49.2467043314501,62.8060263653484,12970.0,6.9,0.7500041458438598,7.6,-1.1942945145035853
SI,4,eb100,0,46.31268436578171,57.32546705998033,25120.0,4.5,0.406712984394692,48.5,0.3633521518083427
SK,4,eb100,1,33.59840954274354,50.49701789264414,18750.0,6.9,2.0720079163099268,22.7,-0.6192220288969812
FI,4,eb100,0,89.59365708622398,88.89990089197225,43280.0,0.7,1.0397252321633654,89.3,1.9171903910632733
SE,4,eb100,0,91.2464319695528,95.43292102759277,47960.0,3.3,0.4044553866367294,80.6,1.5858572371045012
BE,5,eb101,0,63.618290258449306,74.55268389662028,44410.0,4.9,0.651048277851005,51.1,0.4623712552902746
BG,5,eb101,1,31.931166347992352,45.69789674952199,11330.0,2.5,0.7857443067476267,12.5,-1.0076815887107138
CZ,5,eb101,1,48.927875243664715,65.69200779727096,21950.0,3.1,3.161306924280461,29.7,-0.3526321349071646
DK,5,eb101,1,90.30969030969031,90.20979020979021,58670.0,0.5,0.5390648838859105,79.3,1.5363476853635354
DE,5,eb101,3,61.44964720974984,72.03335471456062,43110.0,2.4,1.5309316419200072,103.0,2.4389448978719144
EE,5,eb101,1,62.837162837162836,66.13386613386614,21060.0,3.1,2.3765409871483474,30.9,-0.3069310102231961
IE,5,eb101,1,68.39481555333998,84.04785643070788,89300.0,1.6,1.9301412023623976,46.0,0.2681414753834082
EL,5,eb101,1,38.47675568743818,56.37982195845697,19020.0,3.2,0.2733292700180921,17.8,-0.8058349546898527
ES,5,eb101,3,55.18962075848303,72.85429141716567,27800.0,3.4,0.4161070940490268,44.8,0.22244035069943957
FR,5,eb101,3,52.49003984063745,62.05179282868526,38180.0,2.4,0.0880742884487993,51.2,0.46617968234727203
HR,5,eb101,1,69.59122632103688,75.77268195413758,17060.0,4.7,0.6143242549716246,39.7,0.02821057079257344
IT,5,eb101,3,48.3177570093458,68.97196261682242,32900.0,0.9,0.2778897438632363,30.7,-0.31454786433719084
CY,5,eb101,1,31.36094674556213,40.03944773175542,29950.0,2.1,2.0618503360531477,37.2,-0.06700010563236104
LV,5,eb101,3,68.8800792864222,64.42021803766104,16910.0,1.1,2.3720106995994303,18.7,-0.7715591111768764
LT,5,eb101,2,79.80099502487562,79.20398009950249,19690.0,0.4,2.6612231716305295,18.6,-0.7753675382338736
LU,5,eb101,0,57.905138339920946,71.14624505928853,101000.0,3.0,0.6145376088088684,10.9,-1.068616421622672
HU,5,eb101,2,44.94602551521099,56.820412168792934,16210.0,3.6,0.3670461041415592,29.2,-0.3716742701921515
MT,5,eb101,0,48.6,69.0,34480.0,2.4,0.3567352864442366,8.1,-1.1752523792185985
NL,5,eb101,1,82.84910965323337,86.03561387066541,50870.0,2.6,0.6159525009889683,39.9,0.03582742490656804
AT,5,eb101,2,48.6646884272997,66.46884272997033,45140.0,3.4,0.7870069605568445,72.2,1.2659493643167217
PL,5,eb101,3,79.32405566600397,88.56858846918489,16510.0,3.0,2.59240812026552,14.2,-0.9429383287417584
PT,5,eb101,1,83.1,91.4,22370.0,2.3,0.4634047906872789,17.5,-0.8172602358608448
RO,5,eb101,1,55.97302504816955,69.55684007707129,13090.0,6.2,0.8043235280667034,7.6,-1.1942945145035853
SI,5,eb101,1,38.147410358565736,54.18326693227092,25480.0,3.0,0.4232681669851771,48.5,0.3633521518083427
SK,5,eb101,2,39.96023856858847,58.94632206759443,19110.0,2.4,2.1934906106103447,22.7,-0.6192220288969812
FI,5,eb101,1,86.2,87.9,43330.0,0.6,1.085146625061944,89.3,1.9171903910632733
SE,5,eb101,1,93.18854886475815,94.66929911154985,48770.0,2.4,0.370366614615057,80.6,1.5858572371045012
BE,6,eb102,0,57.306338028169016,70.68661971830986,44410.0,4.5,0.7102421779428719,51.1,0.4623712552902746
BG,6,eb102,0,26.104023552502454,44.25907752698724,11330.0,2.0,1.0183103479786846,12.5,-1.0076815887107138
CZ,6,eb102,0,40.36259541984733,63.3587786259542,21950.0,3.0,3.4728506942995105,29.7,-0.3526321349071646
DK,6,eb102,0,87.53709198813057,90.60336300692384,58670.0,1.6,0.6304886777921875,79.3,1.5363476853635354
DE,6,eb102,3,60.18158236057069,71.59533073929961,43110.0,2.4,1.3243019124618234,103.0,2.4389448978719144
EE,6,eb102,0,63.536463536463536,70.52947052947053,21060.0,4.5,2.519846335929561,30.9,-0.3069310102231961
IE,6,eb102,0,64.7117296222664,83.20079522862824,89300.0,0.1,2.000306072054743,46.0,0.2681414753834082
EL,6,eb102,0,27.606752730883812,46.57398212512413,19020.0,3.1,0.3068207796553583,17.8,-0.8058349546898527
ES,6,eb102,3,49.80119284294235,64.81113320079523,27800.0,1.8,0.4475141195353035,44.8,0.22244035069943957
FR,6,eb102,3,53.823237338629596,63.55511420059583,38180.0,1.6,0.083843868343909,51.2,0.46617968234727203
HR,6,eb102,0,62.275449101796404,71.15768463073853,17060.0,3.6,0.658602209702983,39.7,0.02821057079257344
IT,6,eb102,3,50.29354207436399,69.47162426614481,32900.0,1.0,0.2795515711644474,30.7,-0.31454786433719084
CY,6,eb102,0,22.355289421157686,35.12974051896207,29950.0,1.6,2.2341454833318672,37.2,-0.06700010563236104
LV,6,eb102,1,69.65174129353234,67.56218905472637,16910.0,2.1,2.494710086102498,18.7,-0.7715591111768764
LT,6,eb102,0,76.42436149312377,78.38899803536346,19690.0,0.1,1.6428201896745234,18.6,-0.7753675382338736
LU,6,eb102,0,47.4609375,61.9140625,101000.0,0.9,0.5654341194851573,10.9,-1.068616421622672
HU,6,eb102,1,38.02541544477028,52.199413489736074,16210.0,3.4,0.3970420549490345,29.2,-0.3716742701921515
MT,6,eb102,0,46.6,65.0,34480.0,2.4,0.3851321251661658,8.1,-1.1752523792185985
NL,6,eb102,0,82.68482490272373,86.67315175097276,50870.0,3.3,0.656414093073477,39.9,0.03582742490656804
AT,6,eb102,0,52.22993062438057,69.17740336967294,45140.0,1.8,0.901214685410127,72.2,1.2659493643167217
PL,6,eb102,3,79.94041708043694,86.09731876861966,16510.0,4.2,2.673864182188511,14.2,-0.9429383287417584
PT,6,eb102,0,82.01923076923077,91.0576923076923,22370.0,2.6,0.4942326522318337,17.5,-0.8172602358608448
RO,6,eb102,0,48.46743295019157,65.90038314176245,13090.0,5.0,0.9107345369962077,7.6,-1.1942945145035853
SI,6,eb102,0,36.75298804780876,49.800796812749006,25480.0,0.0,0.4663482974402869,48.5,0.3633521518083427
SK,6,eb102,0,37.81094527363184,60.995024875621894,19110.0,3.5,2.352578130314247,22.7,-0.6192220288969812
FI,6,eb102,0,87.9,88.7,43330.0,1.5,1.2003352694423888,89.3,1.9171903910632733
SE,6,eb102,0,91.97651663405088,95.30332681017613,48770.0,1.6,0.4257604954345301,80.6,1.5858572371045012
BE,7,eb103,0,61.94251734390485,74.52923686818632,44650.0,3.1,0.738966103827199,51.1,0.4623712552902746
BG,7,eb103,0,32.142857142857146,44.884169884169886,11710.0,2.8,1.14938421961798,12.5,-1.0076815887107138
CZ,7,eb103,0,37.37864077669903,63.20388349514563,22510.0,1.7,3.389889545808699,29.7,-0.3526321349071646
DK,7,eb103,0,86.3773965691221,89.00100908173562,60390.0,1.5,0.5958048530103288,79.3,1.5363476853635354
DE,7,eb103,3,63.147410358565736,75.4980079681275,43210.0,2.2,1.3807483721027063,103.0,2.4389448978719144
EE,7,eb103,0,68.562874251497,72.95409181636727,21250.0,4.4,2.4730017262836728,30.9,-0.3069310102231961
IE,7,eb103,0,68.36327345309381,87.22554890219561,94930.0,2.0,2.031146202455095,46.0,0.2681414753834082
EL,7,eb103,0,35.27093596059113,49.6551724137931,19400.0,2.6,0.3272165814158528,17.8,-0.8058349546898527
ES,7,eb103,0,50.74478649453823,62.66137040714995,28320.0,2.2,0.4707266771327327,44.8,0.22244035069943957
FR,7,eb103,1,54.145854145854145,70.52947052947053,38360.0,0.9,0.0776828981484438,51.2,0.46617968234727203
HR,7,eb103,0,68.82352941176471,73.33333333333333,17590.0,4.0,0.682437053957438,39.7,0.02821057079257344
IT,7,eb103,1,48.59632139399806,66.5053242981607,33080.0,2.0,0.2808793185280051,30.7,-0.31454786433719084
CY,7,eb103,0,27.38095238095238,38.69047619047619,30590.0,1.4,2.347487095179284,37.2,-0.06700010563236104
LV,7,eb103,1,69.29911154985193,69.79269496544916,17520.0,4.0,1.6562173318319973,18.7,-0.7715591111768764
LT,7,eb103,0,79.54319761668322,82.72095332671302,20260.0,3.6,1.5600221955924314,18.6,-0.7753675382338736
LU,7,eb103,0,59.05511811023622,65.94488188976378,100380.0,1.7,0.5249474685947978,10.9,-1.068616421622672
HU,7,eb103,0,40.13671875,50.68359375,16370.0,4.2,0.4185228956396256,29.2,-0.3716742701921515
MT,7,eb103,0,51.4,63.8,35000.0,2.6,0.3987810187200696,8.1,-1.1752523792185985
NL,7,eb103,0,80.29411764705883,84.11764705882354,51400.0,4.1,0.6701386558554806,39.9,0.03582742490656804
AT,7,eb103,0,55.698711595639246,71.25867195242814,45380.0,3.3,0.8870078359607416,72.2,1.2659493643167217
PL,7,eb103,1,70.16683022571148,82.63002944062806,17170.0,3.7,2.693678018176316,14.2,-0.9429383287417584
PT,7,eb103,0,77.14561234329797,88.91031822565091,22560.0,2.1,0.5161570602164631,17.5,-0.8172602358608448
RO,7,eb103,0,51.010587102983635,70.45235803657363,13190.0,4.9,0.9573520684680809,7.6,-1.1942945145035853
SI,7,eb103,0,41.64193867457963,54.10484668644906,25680.0,2.3,0.482436586338785,48.5,0.3633521518083427
SK,7,eb103,0,45.37313432835821,61.39303482587065,19270.0,3.9,2.4329955192878394,22.7,-0.6192220288969812
FI,7,eb103,0,90.26812313803376,89.47368421052632,43450.0,1.9,1.2483208306075386,89.3,1.9171903910632733
SE,7,eb103,0,94.11187438665358,94.3081452404318,49310.0,2.1,0.3404418897004168,80.6,1.5858572371045012
