,eb_n,wave_id,fw_start,fw_end,season,q1,q2
0,eb97,97.5,2022-06-17,2022-07-17,Summer 2022,"QE2.1. Imposing economic sanctions on Russian government, companies and individuals",QE2.3. Financing supply and delivery of military equipment to Ukraine
1,eb98,98.2,2023-01-12,2023-02-06,Spring 2023,"QE2.1. Imposing economic sanctions on Russian government, companies and individuals",QE2.3. Financing the purchase and supply of military equipment to Ukraine
2,eb99,99.4,2023-05-31,2023-06-25,Spring 2023,"QE2.1. Imposing economic sanctions on Russian government, companies and individuals",QE2.3. Financing the purchase and supply of military equipment to Ukraine
3,eb100,100.2,2023-10-23,2023-11-17,Fall 2023,"QD2.1. Imposing economic sanctions on Russian government, companies and individuals",QD2.3. Financing the purchase and supply of military equipment to Ukraine
4,eb101,101.3,2024-04-02,2024-05-09,Spring 2024,"QD2.1. Imposing economic sanctions on Russian government, companies and individuals",QD2.2. Financing the purchase and supply of military equipment to Ukraine
5,eb102,102.2,2024-10-10,2024-11-05,Fall 2024,"QD2.1. Imposing economic sanctions on Russian government, companies and individuals",QD2.2. Financing the purchase and supply of military equipment to Ukraine
6,eb103,103.3,2025-03-26,2025-04-22,Spring 2025,"QD2.1. Imposing economic sanctions on Russian government, companies and individuals",QD2.2. Financing the purchase and supply of military equipment to Ukraine
7,eb104,104.1,2025-10-09,2025-11-05,Fall 2025,"QD2.1. Imposing economic sanctions on Russian government, companies and individuals",QD2.2. Financing the purchase and supply of military equipment to Ukraine
8,eb105,105.2,2026-03-12,2026-04-05,Spring 2026,"QD2.1. Imposing economic sanctions on Russian government, companies and individuals (including use of immobilised Russian assets to finance support for Ukraine)",QD2.2. Financing the purchase and supply of military equipment to Ukraine
